,Variable,p_val
0,Pas1_Total,0.7729436237953312
1,Pas1_Champ_Haut,0.8591407592201026
2,Pas1_Champ_Bas,0.3090374547089505
3,Pas1_Champ_Gauche,0.6663634146476856
4,Pas1_Champ_Droite,0.8067011582249717
5,Pas1_Hemi_Haut,0.8095396027497472
6,Pas1_Hemi_Bas,0.6388101492205149
7,Pas1_Hemi_Gauche,0.49996305937462987
8,Pas1_Hemi_Droite,0.8998257999830239
9,Pas1_Quad_Haut_Droite,0.8080395406833212
10,Pas1_Quad_Haut_Gauche,0.7432709497529915
11,Pas1_Quad_Bas_Gauche,0.29852140016821255
12,Pas1_Quad_Bas_Droite,0.9389329783621821
13,Pas1_Ecart_gauche_Droite,0.06134119137110987
14,Pas1_Ecart_Haut_Bas,0.02857948580158524
15,Pas1_Ecart_Hemi_gauche_Droite,0.1314574179081272
16,Pas1_Ecart_Hemi_Haut_bas,0.5752001727299896
17,Pas2_Total,0.7326813631054903
18,Pas2_Champ_Haut,0.6914550547165889
19,Pas2_Champ_Bas,0.6984112397452198
20,Pas2_Champ_Gauche,0.7505213738972991
21,Pas2_Champ_Droite,0.7744131919831537
22,Pas2_Hemi_Haut,0.8442370011962379
23,Pas2_Hemi_Bas,0.6366133960128886
24,Pas2_Hemi_Gauche,0.8292105141060168
25,Pas2_Hemi_Droite,0.5949350251993493
26,Pas2_Quad_Haut_Droite,0.709415388762537
27,Pas2_Quad_Haut_Gauche,0.9353657901541468
28,Pas2_Quad_Bas_Gauche,0.8030625805120674
29,Pas2_Quad_Bas_Droite,0.4699122936778092
30,Pas2_Ecart_gauche_Droite,0.46582550785667354
31,Pas2_Ecart_Haut_Bas,0.8098169526218193
32,Pas2_Ecart_Hemi_gauche_Droite,0.6218118061107737
33,Pas2_Ecart_Hemi_Haut_bas,0.9404586613292458
